"Original Term","Translation"
"Complete Payment","Concluir Pagamento"
"Total Amount","Valor Total"
"Remaining","Restante"
"Change","Troco"
"Paid in Full","Pago na Totalidade"
"Paid Amount","Valor Pago"
"Customer Credit Available","Crédito Disponível do Cliente"
"Customer Outstanding Balance","Saldo em Dívida do Cliente"
"Credit can be applied to invoice","Crédito pode ser aplicado à factura"
"Amount owed by customer","Valor em dívida pelo cliente"
"No outstanding balance","Sem saldo em dívida"
"Save","Salvar"
"Cancel","Cancelar"
"Submit","Submeter"
"Delete","Excluir"
"Edit","Editar"
"Search","Pesquisar"
"Close","Fechar"
"Confirm","Confirmar"
"Yes","Sim"
"No","Não"
"Loading...","A carregar..."
"Error","Erro"
"Success","Sucesso"
"Warning","Aviso"
"Information","Informação"
"Add Item","Adicionar Artigo"
"Select Customer","Selecionar Cliente"
"Create Customer","Criar Cliente"
"Discount","Desconto"
"Tax","Imposto"
"Total","Total"
"Checkout","Finalizar Compra"
"Clear Cart","Limpar Carrinho"
"Hold Invoice","Suspender Factura"
"Print Receipt","Imprimir Recibo"
"No stock available","Sem stock disponível"
"Item added to cart","Artigo adicionado ao carrinho"
"Item removed from cart","Artigo removido do carrinho"
"Open Shift","Abrir Turno"
"Close Shift","Fechar Turno"
"Shift Opening","Abertura de Turno"
"Shift Closing","Fecho de Turno"
"Opening Amount","Valor de Abertura"
"Closing Amount","Valor de Fecho"
"Cash in Hand","Dinheiro em Caixa"
"Expected Amount","Valor Esperado"
"Difference","Diferença"
"Draft Invoices","Facturas em Rascunho"
"Invoice History","Histórico de Facturas"
"Offline Invoices","Facturas Offline"
"Return Invoice","Devolver Factura"
"Invoice Number","Número da Factura"
"Date","Data"
"Customer","Cliente"
"Amount","Valor"
"Status","Estado"
"Paid","Pago"
"Unpaid","Não Pago"
"Partially Paid","Parcialmente Pago"
"Credit Note Issued","Nota de Crédito Emitida"
"Cancelled","Cancelado"
"Draft","Rascunho"
"Settings","Definições"
"General","Geral"
"Appearance","Aparência"
"Language","Idioma"
"Select Language","Selecionar Idioma"
"Theme","Tema"
"Notifications","Notificações"
"Receipt Settings","Definições de Recibo"
"Hardware","Hardware"
"POS Profile","Perfil POS"
"Network connection error","Erro de conexão de rede"
"Session expired, please login again","Sessão expirada, por favor inicie sessão novamente"
"Insufficient stock for {0}","Stock insuficiente para {0}"
"Invalid quantity","Quantidade inválida"
"Please select a customer","Por favor selecione um cliente"
"Payment processing failed","Processamento de pagamento falhou"
"An unexpected error occurred","Ocorreu um erro inesperado"
"This field is required","Este campo é obrigatório"
"Minimum length is {0} characters","O comprimento mínimo é de {0} caracteres"
"Maximum length is {0} characters","O comprimento máximo é de {0} caracteres"
"Please enter a valid email address","Por favor insira um endereço de email válido"
"Please enter a valid phone number","Por favor insira um número de telefone válido"
"Please enter a valid number","Por favor insira um número válido"
"Value must be positive","O valor deve ser positivo"
"Customer Credit","Crédito do Cliente"
"Available Credit","Crédito Disponível"
"Payment Methods","Métodos de Pagamento"
"Cash","Numerário"
"Card","Cartão"
"Wallet","Carteira"
"Bank Transfer","Transferência Bancária"
"Item","Artigo"
"Items","Artigos"
"Quantity","Quantidade"
"Price","Preço"
"Subtotal","Subtotal"
"Grand Total","Total Geral"
"Apply","Aplicar"
"Apply Coupon","Aplicar Cupão"
"Coupon Code","Código do Cupão"
"Remove","Remover"
"Add","Adicionar"
"Update","Atualizar"
"Refresh","Atualizar"
"Reload","Recarregar"
"Print","Imprimir"
"Download","Descarregar"
"Upload","Carregar"
"Import","Importar"
"Export","Exportar"
"Filter","Filtrar"
"Sort","Ordenar"
"Ascending","Ascendente"
"Descending","Descendente"
"All","Todos"
"None","Nenhum"
"Select All","Selecionar Todos"
"Deselect All","Desmarcar Todos"
"Name","Nome"
"Email","Email"
"Phone","Telefone"
"Address","Endereço"
"City","Cidade"
"State","Província"
"Country","País"
"Postal Code","Código Postal"
"Notes","Notas"
"Description","Descrição"
"Category","Categoria"
"Type","Tipo"
"Unit","Unidade"
"Stock","Stock"
"Available","Disponível"
"Out of Stock","Esgotado"
"Low Stock","Stock Baixo"
"In Stock","Em Stock"
"Barcode","Código de Barras"
"SKU","SKU"
"Image","Imagem"
"Gallery","Galeria"
"Product","Produto"
"Products","Produtos"
"Service","Serviço"
"Services","Serviços"
"Order","Encomenda"
"Orders","Encomendas"
"Invoice","Factura"
"Invoices","Facturas"
"Payment","Pagamento"
"Payments","Pagamentos"
"Receipt","Recibo"
"Receipts","Recibos"
"Refund","Reembolso"
"Refunds","Reembolsos"
"Return","Devolução"
"Returns","Devoluções"
"Exchange","Troca"
"Exchanges","Trocas"
"Sale","Venda"
"Sales","Vendas"
"Purchase","Compra"
"Purchases","Compras"
"Report","Relatório"
"Reports","Relatórios"
"Dashboard","Painel"
"Home","Início"
"Profile","Perfil"
"Account","Conta"
"Logout","Sair"
"Login","Entrar"
"Sign In","Entrar"
"Sign Up","Registar"
"Register","Registar"
"Password","Palavra-passe"
"Username","Nome de Utilizador"
"Remember Me","Lembrar-me"
"Forgot Password?","Esqueceu a Palavra-passe?"
"Reset Password","Redefinir Palavra-passe"
"Change Password","Alterar Palavra-passe"
"Old Password","Palavra-passe Antiga"
"New Password","Nova Palavra-passe"
"Confirm Password","Confirmar Palavra-passe"
"Today","Hoje"
"Yesterday","Ontem"
"This Week","Esta Semana"
"Last Week","Semana Passada"
"This Month","Este Mês"
"Last Month","Mês Passado"
"This Year","Este Ano"
"Last Year","Ano Passado"
"Custom Range","Intervalo Personalizado"
"From","De"
"To","Para"
"Start Date","Data de Início"
"End Date","Data de Fim"
"Time","Hora"
"Hour","Hora"
"Hours","Horas"
"Minute","Minuto"
"Minutes","Minutos"
"Second","Segundo"
"Seconds","Segundos"
"Day","Dia"
"Days","Dias"
"Week","Semana"
"Weeks","Semanas"
"Month","Mês"
"Months","Meses"
"Year","Ano"
"Years","Anos"
"Are you sure?","Tem a certeza?"
"This action cannot be undone","Esta acção não pode ser desfeita"
"Confirm Delete","Confirmar Eliminação"
"Confirm Action","Confirmar Acção"
"Processing...","A processar..."
"Please wait...","Aguarde, por favor..."
"Saving...","A guardar..."
"Loading data...","A carregar dados..."
"No data available","Sem dados disponíveis"
"No results found","Sem resultados encontrados"
"Search results","Resultados da pesquisa"
"Showing {0} to {1} of {2} entries","A mostrar {0} a {1} de {2} entradas"
"Page","Página"
"Previous","Anterior"
"Next","Seguinte"
"First","Primeira"
"Last","Última"
"per page","por página"
"View","Ver"
"View Shift","Ver Turno"
"View Details","Ver Detalhes"
"Edit Details","Editar Detalhes"
"Copy","Copiar"
"Duplicate","Duplicar"
"Archive","Arquivar"
"Restore","Restaurar"
"Move","Mover"
"Rename","Renomear"
"Share","Partilhar"
"Download PDF","Descarregar PDF"
"Send Email","Enviar Email"
"Print Invoice","Imprimir Factura"
"Email Invoice","Enviar Factura por Email"
"Mark as Paid","Marcar como Pago"
"Mark as Unpaid","Marcar como Não Pago"
"Payment Received","Pagamento Recebido"
"Payment Pending","Pagamento Pendente"
"Payment Failed","Pagamento Falhou"
"Completed","Concluído"
"Pending","Pendente"
"Processing","A processar"
"Refunded","Reembolsado"
"Submitted","Submetido"
"Approved","Aprovado"
"Rejected","Rejeitado"
"Active","Activo"
"Inactive","Inactivo"
"Enabled","Activado"
"Disabled","Desactivado"
"Online","Online"
"Offline","Offline"
"Connected","Ligado"
"Disconnected","Desligado"
"Synced","Sincronizado"
"Not Synced","Não Sincronizado"
"Syncing...","A Sincronizar..."
"Last Sync","Última Sincronização"
"Sync Now","Sincronizar Agora"
"Auto Sync","Sincronização Automática"
"Manual Sync","Sincronização Manual"
"Clear Cache","Limpar Cache"
"Reset Settings","Repor Definições"
"Restore Defaults","Restaurar Padrões"
"About","Sobre"
"Help","Ajuda"
"Support","Suporte"
"Documentation","Documentação"
"Version","Versão"
"License","Licença"
"Privacy Policy","Política de Privacidade"
"Terms of Service","Termos de Serviço"
"Contact Us","Contacte-nos"
"Feedback","Feedback"
"Rate Us","Avalie-nos"
"More","Mais"
"Less","Menos"
"Show More","Mostrar Mais"
"Show Less","Mostrar Menos"
"Expand","Expandir"
"Collapse","Recolher"
"Full Screen","Ecrã Inteiro"
"Exit Full Screen","Sair do Ecrã Inteiro"
"Shift Open:","Turno Aberto:"
"Offline ({0} pending)","Offline ({0} pendentes)"
"Online - Click to sync","Online - Clique para sincronizar"
"Offline mode active","Modo offline activo"
"Online mode active","Modo online activo"
"Cache","Cache"
"Items:","Artigos:"
"Last Sync:","Última Sinc.:"
"Status:","Estado:"
"Auto-Sync:","Sinc. Auto:"
"Refreshing...","A actualizar..."
"Refresh Items","Actualizar Artigos"
"Refreshing items...","A actualizar Artigos..."
"Refresh items list","Actualizar lista de Artigos"
"Empty","Vazio"
"Syncing","A Sincronizar"
"Ready","Pronto"
"Never","Nunca"
"Cache empty","Cache vazia"
"Cache syncing","Cache a sincronizar"
"Cache ready","Cache pronta"
"Access your point of sale system","Aceda ao seu ponto de venda"
"Your cart is empty","O seu carrinho está vazio"
"Cart Items","Artigos do Carrinho"
"Clear","Limpar"
"Last 7 Days","Últimos 7 Dias"
"Last 30 Days","Últimos 30 Dias"
"All Status","Todos os Estados"
"Partly Paid","Parcialmente Pago"
"Overdue","Em Atraso"
"Negative Stock","Stock Negativo"
"Cart","Carrinho"
"Welcome to POS MZ","Bem-vindo ao POS MZ"
"Please open a shift to start making sales","Por favor abra um turno para iniciar as vendas"
"Clear Cart?","Limpar Carrinho?"
"Remove all {0} items from cart?","Remover todos os {0} Artigos do carrinho?"
"Clear All","Limpar Tudo"
"Sign Out Confirmation","Confirmação de Saída"
"Your Shift is Still Open!","O seu turno ainda está aberto!"
"Close your shift first to save all transactions properly","Feche o seu turno primeiro para guardar todas as transacções"
"Close Shift & Sign Out","Fechar Turno e Sair"
"Skip & Sign Out","Ignorar e Sair"
"Sign Out?","Sair?"
"You will be logged out of POS MZ","Irá sair do POS MZ"
"Sign Out","Sair"
"Signing Out...","A Sair..."
"Invoice Created Successfully","Factura Criada com Sucesso"
"Invoice {0} created successfully!","Factura {0} criada com sucesso!"
"Total: {0}","Total: {0}"
"An unexpected error occurred.","Ocorreu um erro inesperado."
"Delete Invoice","Eliminar Factura"
"Try Again","Tentar Novamente"
"Tax mode updated. Cart recalculated with new tax settings.","Modo de imposto actualizado. Carrinho recalculado."
"Discount settings changed. Cart recalculated.","Definições de desconto alteradas. Carrinho recalculado."
"Prices are now tax-inclusive. This will apply to new items added to cart.","Os preços agora incluem imposto. Aplicar-se-á a novos Artigos."
"Prices are now tax-exclusive. This will apply to new items added to cart.","Os preços agora excluem imposto. Aplicar-se-á a novos Artigos."
"Negative stock sales are now allowed","Vendas com stock negativo agora permitidas"
"Negative stock sales are now restricted","Vendas com stock negativo agora restritas"
"Credit Sale","Venda a Crédito"
"Write Off Change","Ajustar Troco"
"Partial Payment","Pagamento Parcial"
"Silent Print","Impressão Silenciosa"
"{0} settings applied immediately","{0} definições aplicadas imediatamente"
"You can now start making sales","Pode agora começar a efectuar vendas"
"Shift closed successfully","Turno fechado com sucesso"
"Insufficient Stock","Stock Insuficiente"
"Item: {0}","Artigo: {0}"
"\"{0}\" cannot be added to cart. Bundle is out of stock. Allow Negative Stock is disabled.","\"{0}\" não pode ser adicionado. Pacote esgotado. Permitir Stock Negativo desactivado."
"\"{0}\" cannot be added to cart. Item is out of stock. Allow Negative Stock is disabled.","\"{0}\" não pode ser adicionado. Item esgotado. Permitir Stock Negativo desactivado."
"{0} selected","{0} selecionado(s)"
"Please add items to cart before proceeding to payment","Adicione Artigos ao carrinho antes de prosseguir para pagamento"
"Please select a customer before proceeding","Selecione um cliente antes de prosseguir"
"Invoice saved offline. Will sync when online","Factura guardada offline. Sincronizará quando online"
"Unknown","Desconhecido"
"Invoice {0} created and sent to printer","Factura {0} criada e enviada para a impressora"
"Invoice {0} created but print failed","Factura {0} criada mas a impressão falhou"
"Invoice {0} created successfully","Factura {0} criada com sucesso"
"All items removed from cart","Todos os Artigos removidos do carrinho"
"{0} added to cart","{0} adicionado ao carrinho"
"{0} ({1}) added to cart","{0} ({1}) adicionado ao carrinho"
"Failed to process selection. Please try again.","Falha ao processar seleção. Tente novamente."
"Return invoice {0} created successfully","Factura de devolução {0} criada com sucesso"
"Creating return for invoice {0}","A criar devolução para factura {0}"
"{0} created and selected","{0} criado e selecionado"
"All cached data has been cleared successfully","Todos os dados em cache foram limpos com sucesso"
"Failed to clear cache. Please try again.","Falha ao limpar cache. Tente novamente."
"Your point of sale system is ready to use.","O seu sistema de ponto de venda está pronto a usar."
"Shift Status","Estado do Turno"
"Shift is Open","O Turno está Aberto"
"Start Sale","Iniciar Venda"
"No Active Shift","Sem Turno Activo"
"You need to open a shift before you can start making sales.","Precisa de abrir um turno antes de poder começar a vender."
"System Test","Teste de Sistema"
"Test Connection","Testar Ligação"
"✓ Connection successful: {0}","✓ Ligação bem-sucedida: {0}"
"✗ Connection failed: {0}","✗ Ligação falhou: {0}"
"Confirm Sign Out","Confirmar Saída"
"Active Shift Detected","Turno Activo Detectado"
"You have an active shift open. Would you like to:","Tem um turno activo aberto. Deseja:"
"Are you sure you want to sign out of POS MZ?","Tem a certeza que deseja sair do POS MZ?"
"Sign Out Only","Apenas Sair"
"TAX INVOICE","FACTURA"
"Invoice #:","Factura #:"
"Date:","Data:"
"Customer:","Cliente:"
"Status:","Estado:"
"PARTIAL PAYMENT","PAGAMENTO PARCIAL"
"(FREE)","(GRÁTIS)"
"Subtotal:","Subtotal:"
"Tax:","Imposto:"
"TOTAL:","TOTAL:"
"Total Paid:","Total Pago:"
"Change:","Troco:"
"BALANCE DUE:","SALDO EM DÍVIDA:"
"Thank you for your business!","Obrigado pela sua preferência!"
"Invoice - {0}","Factura - {0}"
"Offline invoice deleted successfully","Factura offline eliminada com sucesso"
"Failed to delete offline invoice","Falha ao eliminar factura offline"
"Cannot sync while offline","Não é possível sincronizar enquanto offline"
"{0} invoice(s) synced successfully","{0} factura(s) sincronizada(s) com sucesso"
"Loading customers for offline use...","A carregar clientes para uso offline..."
"Data is ready for offline use","Dados prontos para uso offline"
"Some data may not be available offline","Alguns dados podem não estar disponíveis offline"
"POS is offline without cached data. Please connect to sync.","POS offline sem dados em cache. Ligue-se para sincronizar."
"{0} applied successfully","{0} aplicado com sucesso"
"Discount has been removed from cart","Desconto removido do carrinho"
"Add items to the cart before applying an offer.","Adicione Artigos ao carrinho antes de aplicar oferta."
"Your cart doesn't meet the requirements for this offer.","O seu carrinho não cumpre os requisitos desta oferta."
"Failed to apply offer. Please try again.","Falha ao aplicar oferta. Tente novamente."
"Offer has been removed from cart","Oferta removida do carrinho"
"Failed to update cart after removing offer.","Falha ao actualizar carrinho após remover oferta."
"Unit changed to {0}","Unidade alterada para {0}"
"Failed to update UOM. Please try again.","Falha ao actualizar UM. Tente novamente."
"{0} updated successfully","{0} actualizado com sucesso"
"Failed to update item. Please try again.","Falha ao actualizar Artigo. Tente novamente."
"{0}h {1}m {2}s","{0}h {1}m {2}s"
"Sync Complete","Sincronização Concluída"
"Search by phone: {0}","Pesquisar por telefone: {0}"
"Search by email: {0}","Pesquisar por email: {0}"
"Create new customer: {0}","Criar novo cliente: {0}"
"From {0}","De {0}"
"Until {0}","Até {0}"
"Validation Error","Erro de Validação"
"Permission Denied","Permissão Negada"
"Not Found","Não Encontrado"
"Server Error","Erro de Servidor"
"Not enough stock available in the warehouse.\n\nPlease reduce the quantity or check stock availability.","Stock insuficiente no armazém.\n\nReduza a quantidade ou verifique a disponibilidade."
"Pricing Error","Erro de Preços"
"Customer Error","Erro de Cliente"
"Tax Configuration Error","Erro de Configuração de Imposto"
"Payment Error","Erro de Pagamento"
"Naming Series Error","Erro de Série de Nomes"
"Connection Error","Erro de Ligação"
"Unable to connect to server. Check your internet connection.","Impossível ligar ao servidor. Verifique a internet."
"Duplicate Entry","Entrada Duplicada"
"Error Report - POS MZ","Relatório de Erro - POS MZ"
"Title: {0}","Título: {0}"
"Type: {0}","Tipo: {0}"
"Message: {0}","Mensagem: {0}"
"Technical: {0}","Técnico: {0}"
"Timestamp: {0}","Data/Hora: {0}"
"User: {0}","Utilizador: {0}"
"POS Profile: {0}","Perfil POS: {0}"
"Partial Payments","Pagamentos Parciais"
"Manage invoices with pending payments","Gerir facturas com pagamentos pendentes"
"{0} invoice - {1} outstanding","{0} factura - {1} em dívida"
"{0} invoices - {1} outstanding","{0} facturas - {1} em dívida"
"Loading invoices...","A carregar facturas..."
"No Partial Payments","Sem Pagamentos Parciais"
"All invoices are either fully paid or unpaid","Todas as facturas estão pagas ou não pagas"
"Add Payment","Adicionar Pagamento"
"Payment History","Histórico de Pagamentos"
"Failed to load partial payments","Falha ao carregar pagamentos parciais"
"Payment added successfully","Pagamento adicionado com sucesso"
"Failed to add payment","Falha ao adicionar pagamento"
"Open POS Shift","Abrir Turno POS"
"Select POS Profile","Selecionar Perfil POS"
"No POS Profiles available. Please contact your administrator.","Nenhum Perfil POS disponível. Contacte o administrador."
"Change Profile","Alterar Perfil"
"Opening Balance (Optional)","Saldo de Abertura (Opcional)"
"No payment methods configured for this POS Profile","Sem métodos de pagamento configurados para este Perfil"
"Existing Shift Found","Turno Existente Encontrado"
"You have an open shift. Would you like to resume it or close it and open a new one?","Tem um turno aberto. Deseja retomá-lo ou fechá-lo e abrir um novo?"
"<strong>POS Profile:</strong> {0}","<strong>Perfil POS:</strong> {0}"
"<strong>Opened:</strong> {0}","<strong>Aberto:</strong> {0}"
"Resume Shift","Retomar Turno"
"Close & Open New","Fechar e Abrir Novo"
"Back","Voltar"
"At least {0} items required","Pelo menos {0} Artigos necessários"
"Maximum {0} items allowed for this offer","Máximo de {0} Artigos permitidos para esta oferta"
"Minimum cart value of {0} required","Valor mínimo de carrinho de {0} necessário"
"Maximum cart value exceeded ({0})","Valor máximo de carrinho excedido ({0})"
"Cart does not contain eligible items for this offer","Carrinho não contém Artigos elegíveis para esta oferta"
"Cart does not contain items from eligible groups","Carrinho não contém Artigos de grupos elegíveis"
"Cannot save an empty cart as draft","Não é possível guardar carrinho vazio como rascunho"
"Invoice saved as draft successfully","Factura guardada como rascunho com sucesso"
"Failed to save draft","Falha ao guardar rascunho"
"Draft invoice loaded successfully","Factura em rascunho carregada com sucesso"
"Failed to load draft","Falha ao carregar rascunho"
"Close POS Shift","Fechar Turno POS"
"Loading shift data...","A carregar dados do turno..."
"Calculating totals and reconciliation...","A calcular totais e reconciliação..."
"Duration","Duração"
"Total Sales","Vendas Totais"
"{0} invoices","{0} facturas"
"Net Amount","Valor Líquido"
"Before tax","Antes de imposto"
"Items Sold","Artigos Vendidos"
"Total items","Total de Artigos"
"Tax Collected","Imposto Cobrado"
"Total tax","Imposto total"
"No Sales During This Shift","Sem Vendas Durante Este Turno"
"No invoices were created. Closing amounts should match opening amounts.","Nenhuma factura criada. Fecho deve igualar abertura."
"Invoice Details","Detalhes da Factura"
"{0} transactions • {1}","{0} transacções • {1}"
"N/A","N/D"
"Total:","Total:"
"Payment Reconciliation","Reconciliação de Pagamentos"
"✓ Shift Closed","✓ Turno Fechado"
"Total Variance","Variação Total"
"Enter actual amount for {0}","Insira o valor real para {0}"
"Expected: <span class=""font-medium"">{0}</span>","Esperado: <span class=""font-medium"">{0}</span>"
"✓ Balanced","✓ Equilibrado"
"Over {0}","Excesso {0}"
"Short {0}","Falta {0}"
"Opening","Abertura"
"Shift start","Início do turno"
"Expected","Esperado"
"No sales","Sem vendas"
"Actual Amount *","Valor Real *"
"Final Amount","Valor Final"
"Count & enter","Contar e inserir"
"Cash Over","Excesso de Caixa"
"Cash Short","Falta de Caixa"
"You have more than expected.","Tem mais do que o esperado."
"You have less than expected.","Tem menos do que o esperado."
"Total Expected","Total Esperado"
"Total Actual","Total Real"
"Net Variance","Variação Líquida"
"Tax Summary","Resumo de Impostos"
"Total Tax Collected","Total de Imposto Cobrado"
"Error Closing Shift","Erro ao Fechar Turno"
"Dismiss","Dispensar"
"Failed to Load Shift Data","Falha ao Carregar Dados do Turno"
"Please enter all closing amounts","Por favor insira todos os valores de fecho"
"✓ Shift closed successfully","✓ Turno fechado com sucesso"
"Closing Shift...","A Fechar Turno..."
"{0}h {1}m","{0}h {1}m"
"{0}m","{0}m"
"-- Select --","-- Selecionar --"
"Select Customer","Selecionar Cliente"
"Search and select a customer for the transaction","Pesquise e selecione um cliente para a transacção"
"Search customers by name, mobile, or email...","Pesquise clientes por nome, telemóvel ou email..."
"Search customers","Pesquisar clientes"
"⭐ Recent & Frequent","⭐ Recentes e Frequentes"
"{0} of {1} customers","{0} de {1} clientes"
"• Use ↑↓ to navigate, Enter to select","• Use ↑↓ para navegar, Enter para selecionar"
"Loading customers...","A carregar clientes..."
"No customers available","Sem clientes disponíveis"
"Create your first customer to get started","Crie o seu primeiro cliente para começar"
"No results for ""{0}""","Sem resultados para ""{0}"""
"Try a different search term or create a new customer","Tente outro termo ou crie um novo cliente"
"+ Create New Customer","+ Criar Novo Cliente"
"All Items","Todos os Artigos"
"Syncing catalog in background... {0} items cached","A sincronizar catálogo... {0} Artigos em cache"
"Search items","Pesquisar Artigos"
"Barcode Scanner: ON (Click to disable)","Leitor Código Barras: LIGADO (Clique p/ desligar)"
"Barcode Scanner: OFF (Click to enable)","Leitor Código Barras: DESLIGADO (Clique p/ ligar)"
"Disable barcode scanner","Desactivar leitor"
"Enable barcode scanner","Activar leitor"
"Auto-Add: ON - Press Enter to add items to cart","Auto-Adicionar: LIG - Enter adiciona ao carrinho"
"Auto-Add: OFF - Click to enable automatic cart addition on Enter","Auto-Adicionar: DESL - Clique para activar"
"Disable auto-add","Desactivar auto-adicionar"
"Enable auto-add","Activar auto-adicionar"
"Auto","Auto"
"Grid View","Vista de Grelha"
"Switch to grid view","Mudar para vista de grelha"
"List View","Vista de Lista"
"Switch to list view","Mudar para vista de lista"
"Sorted by {0} A-Z","Ordenado por {0} A-Z"
"Sorted by {0} Z-A","Ordenado por {0} Z-A"
"Sort items","Ordenar Artigos"
"Sort Items","Ordenar Artigos"
"No Sorting","Sem Ordenação"
"Loading items...","A carregar Artigos..."
"No results for {0} in {1}","Sem resultados para {0} em {1}"
"No results in {0}","Sem resultados em {0}"
"No results for {0}","Sem resultados para {0}"
"No items available","Sem Artigos disponíveis"
"{0}: {1} {2}","{0}: {1} {2}"
"Nos","Nos"
"Check availability in other warehouses","Verificar disponibilidade noutros armazéns"
"Check warehouse availability","Verificar disponibilidade de armazém"
"Loading more items...","A carregar mais Artigos..."
"All items loaded","Todos os Artigos carregados"
"{0} items found","{0} Artigos encontrados"
"{0} - {1} of {2}","{0} - {1} de {2}"
"Go to first page","Ir para a primeira página"
"Go to previous page","Ir para a página anterior"
"Go to page {0}","Ir para a página {0}"
"Go to next page","Ir para a próxima página"
"Go to last page","Ir para a última página"
"Code","Código"
"Rate","Preço"
"Qty","Qtd"
"UOM","UM"
"{0}: {1} Bundles","{0}: {1} Pacotes"
"Auto-Add ON - Type or scan barcode","Auto-Add LIG - Digite ou digitalize"
"Scanner ON - Enable Auto for automatic addition","Scanner LIG - Active Auto para adição automática"
"Search by item code, name or scan barcode","Pesquise por cód., nome ou digitalize"
"Item Not Found: No item found with barcode: {0}","Artigo Não Encontrado: Nenhum Artigo com código: {0}"
"Multiple Items Found: {0} items match barcode. Please refine search.","Vários Artigos: {0} Artigos correspondem. Refine a pesquisa."
"Multiple Items Found: {0} items match. Please select one.","Vários Artigos: {0} Artigos correspondem. Selecione um."
"Loading invoice details...","A carregar detalhes da factura..."
"Return Against:","Devolução Contra:"
"Grand Total","Total Geral"
"Taxes:","Impostos:"
"Net Total:","Total Líquido:"
"Discount:","Desconto:"
"Grand Total:","Total Geral:"
"Paid Amount:","Valor Pago:"
"Outstanding:","Em Dívida:"
"Remarks","Observações"
"Failed to load invoice details","Falha ao carregar detalhes da factura"
"Warehouse Availability","Disponibilidade em Armazém"
"Close dialog","Fechar diálogo"
"Checking warehouse availability...","A verificar disponibilidade..."
"Actual Stock:","Stock Real:"
"This item is out of stock in all warehouses","Este artigo está esgotado em todos os armazéns"
"Total Available:","Total Disponível:"
"across 1 warehouse","em 1 armazém"
"across {0} warehouses","em {0} armazéns"
"Have a coupon code?","Tem um código de cupão?"
"Enter your promotional or gift card code below","Insira o seu código promocional ou cartão presente"
"ENTER-CODE-HERE","INSIRA-CODIGO-AQUI"
"Code is case-insensitive","O código não distingue maiúsculas"
"My Gift Cards ({0})","Meus Cartões Presente ({0})"
"Coupon Applied Successfully!","Cupão Aplicado com Sucesso!"
"Discount Amount","Valor do Desconto"
"Please enter a coupon code","Insira um código de cupão"
"The coupon code you entered is not valid","O código de cupão inserido não é válido"
"This coupon requires a minimum purchase of ","Este cupão requer uma compra mínima de "
"Failed to apply coupon. Please try again.","Falha ao aplicar cupão. Tente novamente."
"Discount has been removed","O desconto foi removido"
"Search countries...","Pesquisar países..."
"No countries found","Nenhum país encontrado"
"Create New Customer","Criar Novo Cliente"
"Customer Name","Nome do Cliente"
"Enter customer name","Insira o nome do cliente"
"Mobile Number","Número de Telemóvel"
"Search country or code...","Pesquisar país ou código..."
"Enter phone number","Insira o número de telefone"
"Enter email address","Insira o endereço de email"
"Customer Group","Grupo de Clientes"
"Select Customer Group","Selecionar Grupo de Clientes"
"Territory","Território"
"Select Territory","Selecionar Território"
"Permission Required","Permissão Necessária"
"You don't have permission to create customers. Contact your administrator.","Não tem permissão para criar clientes. Contacte o administrador."
"Individual","Individual"
"All Territories","Todos os Territórios"
"Customer {0} created successfully","Cliente {0} criado com sucesso"
"Failed to create customer","Falha ao criar cliente"
"Customer Name is required","Nome do Cliente é obrigatório"
"Promotion & Coupon Management","Gestão de Promoções e Cupões"
"Manage promotional schemes and coupons","Gerir esquemas promocionais e cupões"
"Promotional Schemes","Esquemas Promocionais"
"Coupons","Cupões"
"Search promotions...","Pesquisar promoções..."
"Active Only","Apenas Activos"
"Expired Only","Apenas Expirados"
"Not Started","Não Iniciado"
"Disabled Only","Apenas Desactivados"
"Create New Promotion","Criar Nova Promoção"
"Create permission required","Permissão de criação necessária"
"No promotions found","Nenhuma promoção encontrada"
"Rule","Regra"
"Scheme","Esquema"
"{0} items","{0} Artigos"
"No expiry","Sem validade"
"Select a Promotion","Selecione uma Promoção"
"Choose a promotion from the list to view and edit, or create a new one to get started","Escolha uma promoção para ver e editar, ou crie uma nova"
"You don't have permission to create promotions","Não tem permissão para criar promoções"
"Create New Promotion","Criar Nova Promoção"
"Edit Promotion","Editar Promoção"
"Pricing Rule","Regra de Preço"
"Promotional Scheme","Esquema Promocional"
"Fill in the details to create a new promotional scheme","Preencha os detalhes para criar um novo esquema"
"View pricing rule details (read-only)","Ver detalhes da regra de preço (apenas leitura)"
"Update the promotion details below","Actualize os detalhes da promoção abaixo"
"Read-only: Edit in ERPNext","Apenas leitura: Editar no ERPNext"
"Enable","Activar"
"Basic Information","Informação Básica"
"Promotion Name","Nome da Promoção"
"e.g., Summer Sale 2025","ex: Saldos de Verão 2025"
"Valid From","Válido De"
"Valid Until","Válido Até"
"Apply On","Aplicar Em"
"Specific Items","Artigos Específicos"
"Item Groups","Grupos de Artigos"
"Brands","Marcas"
"Entire Transaction","Transacção Inteira"
"Select {0}","Selecionar {0}"
"Required","Obrigatório"
"Search items... (min 2 characters)","Pesquisar Artigos... (mín 2 caracteres)"
"Searching from {0} cached items","A pesquisar em {0} Artigos em cache"
"-- Select Item Group --","-- Sel. Grupo de Artigos --"
"-- Select Brand --","-- Selecionar Marca --"
"Discount Details","Detalhes do Desconto"
"Discount Type","Tipo de Desconto"
"Discount (%)","Desconto (%)"
"discount ({0})","desconto ({0})"
"Free Item","Artigo Grátis"
"Search item... (min 2 characters)","Pesquisar Artigo... (mín 2 caracteres)"
"Free Quantity","Quantidade Grátis"
"Minimum Quantity","Quantidade Mínima"
"Maximum Quantity","Quantidade Máxima"
"Minimum Amount ({0})","Valor Mínimo ({0})"
"Maximum Amount ({0})","Valor Máximo ({0})"
"Delete Promotion","Eliminar Promoção"
"Are you sure you want to delete <strong>""{0}""<strong>?","Tem a certeza que deseja eliminar <strong>""{0}""<strong>?"
"This will also delete all associated pricing rules. This action cannot be undone.","Isto também eliminará todas as regras associadas. Esta acção é irreversível."
"Percentage","Percentagem"
"Fixed Amount","Valor Fixo"
"Failed to load item groups","Falha ao carregar grupos de Artigos"
"Failed to load brands","Falha ao carregar marcas"
"Promotion created successfully","Promoção criada com sucesso"
"Failed to create promotion","Falha ao criar promoção"
"Promotion updated successfully","Promoção actualizada com sucesso"
"Failed to update promotion","Falha ao actualizar promoção"
"Promotion status updated successfully","Estado da promoção actualizado com sucesso"
"Failed to update promotion status","Falha ao actualizar estado da promoção"
"Promotion deleted successfully","Promoção eliminada com sucesso"
"Failed to delete promotion","Falha ao eliminar promoção"
"Failed to load promotion details","Falha ao carregar detalhes da promoção"
"An error occurred","Ocorreu um erro"
"Please enter a promotion name","Insira um nome para a promoção"
"Promotion ""{0}"" already exists. Please use a different name.","Promoção ""{0}"" já existe. Use um nome diferente."
"Please select at least one {0}","Selecione pelo menos um {0}"
"Partially Paid ({0})","Parcialmente Pago ({0})"
"Unpaid ({0})","Não Pago ({0})"
"Overdue ({0})","Em Atraso ({0})"
"Outstanding Payments","Pagamentos em Dívida"
"{0} paid","{0} pago"
"No Unpaid Invoices","Sem Facturas por Pagar"
"All invoices are fully paid","Todas as facturas estão pagas"
"No invoices found","Nenhuma factura encontrada"
"Date & Time","Data e Hora"
"Paid Amount","Valor Pago"
"No draft invoices","Sem facturas em rascunho"
"Save invoices as drafts to continue later","Guarde facturas como rascunho para continuar depois"
"Customer: {0}","Cliente: {0}"
"Delete draft","Eliminar rascunho"
"{0} item(s)","{0} artigo(s)"
"+{0} more","+{0} mais"
"No return invoices","Sem facturas de devolução"
"Return invoices will appear here","Facturas de devolução aparecerão aqui"
"Against: {0}","Contra: {0}"
"Drafts","Rascunhos"
"Failed to load unpaid invoices","Falha ao carregar facturas por pagar"
"Select Batch Numbers","Selecionar Números de Lote"
"Select Serial Numbers","Selecionar Números de Série"
"Select Batch Number","Selecionar Número de Lote"
"Qty: {0}","Qtd: {0}"
"Exp: {0}","Val: {0}"
"Select Serial Numbers ({0}/{1})","Sel. Números de Série ({0}/{1})"
"Warehouse: {0}","Armazém: {0}"
"Or enter serial numbers manually (one per line)","Ou insira manualmente (um por linha)"
"Enter serial numbers...","Insira números de série..."
"Change language: {0}","Alterar idioma: {0}"
"<strong>{0}</strong> of <strong>{1}</strong> invoice(s)","<strong>{0}</strong> de <strong>{1}</strong> factura(s)"
"Clear all","Limpar tudo"
"From Date","Data de Início"
"To Date","Data de Fim"
"Save these filters as...","Guardar filtros como..."
"Saved Filters","Filtros Guardados"
"Partial","Parcial"
"Delete ""{0}""?","Eliminar ""{0}""?"
"Install POS MZ","Instalar POS MZ"
"Faster access and offline support","Acesso mais rápido e suporte offline"
"Snooze for 7 days","Adiar por 7 dias"
"Install","Instalar"
"Close (shows again next session)","Fechar (mostra na próxima sessão)"
"Searching...","A pesquisar..."
"No options available","Sem opções disponíveis"
"Clear selection","Limpar seleção"
"Load more ({0} remaining)","Carregar mais ({0} restantes)"
"Search...","Pesquisar..."
"Search coupons...","Pesquisar cupões..."
"Expired","Expirado"
"Exhausted","Esgotado"
"All Types","Todos os Tipos"
"POS MZ","POS MZ"
"View items","Ver Artigos"
"View cart","Ver carrinho"
"View cart with {0} items","Ver carrinho com {0} Artigos"
"Hr","Hr"
"Min","Min"
"Sec","Seg"
"{0} paid of {1}","{0} pago de {1}"
"Outstanding","Em Dívida"
"Sales Persons","Vendedores"
"Sales Person","Vendedor"
"1 selected","1 selecionado"
"Selected:","Selecionado:"
"Total: {0}% (should be 100%)","Total: {0}% (deve ser 100%)"
"Commission: {0}%","Comissão: {0}%"
"Search to add sales persons","Pesquise para adicionar vendedores"
"Loading sales persons...","A carregar vendedores..."
"No sales persons found","Nenhum vendedor encontrado"
"Additional Discount","Desconto Adicional"
"% Percent","% Percentagem"
"{0} Amount","Valor {0}"
"Select payment method to add","Selecione método para adicionar"
"Added","Adicionado"
"Quick amounts for {0}","Valores rápidos para {0}"
"Custom amount","Valor personalizado"
"Payment Breakdown","Detalhe do Pagamento"
"Apply Credit","Aplicar Crédito"
"Pay on Account","Pagar na Conta"
"Maximum allowed discount is {0}%","Desconto máximo permitido é {0}%"
"Maximum allowed discount is {0}% ({1} {2})","Desconto máximo permitido é {0}% ({1} {2})"
"Create new customer","Criar novo cliente"
"Remove customer","Remover cliente"
"Search or add customer...","Pesquisar ou adicionar cliente..."
"Search customer in cart","Pesquisar cliente no carrinho"
"Select items to start or choose a quick action","Selecione Artigos ou escolha acção rápida"
"View current shift details","Ver detalhes do turno actual"
"View draft invoices","Ver facturas em rascunho"
"View invoice history","Ver histórico de facturas"
"Process return invoice","Processar devolução"
"Close current shift","Fechar turno actual"
"{0} free item(s) included","{0} Artigo(s) grátis incluído(s)"
"+{0} FREE","+{0} GRÁTIS"
"Remove {0}","Remover {0}"
"Remove item","Remover Artigo"
"Decrease quantity","Diminuir quantidade"
"Increase quantity","Aumentar quantidade"
"Click to change unit","Clique para mudar unidade"
"Only one unit available","Apenas uma unidade disponível"
"Total Quantity","Quantidade Total"
"Proceed to payment","Prosseguir para pagamento"
"Hold order as draft","Suspender como rascunho"
"Hold","Suspender"
"Offers","Ofertas"
"Coupon","Cupão"
"Edit Item Details","Editar Detalhes do Artigo"
"Edit item quantity, UOM, warehouse, and discount","Editar qtd, UM, armazém e desconto"
"Default","Padrão"
"Item Discount","Desconto do Artigo"
"Percentage (%)","Percentagem (%)"
"Checking Stock...","A Verificar Stock..."
"No Stock Available","Sem Stock Disponível"
"Update Item","Actualizar Artigo"
"\"{0}\" is not available in warehouse \"{1}\". Please select another warehouse.","\"{0}\" indisponível no armazém \"{1}\". Selecione outro."
"Only {0} units of \"{1}\" available in \"{2}\". Current quantity: {3}","Apenas {0} unid. de \"{1}\" em \"{2}\". Qtd actual: {3}"
"{0} units available in \"{1}\"","{0} unidades disponíveis em \"{1}\""
"Available Offers","Ofertas Disponíveis"
"Loading offers...","A carregar ofertas..."
"Applying offer...","A aplicar oferta..."
"No offers available","Sem ofertas disponíveis"
"Add items to your cart to see eligible offers","Adicione Artigos para ver ofertas elegíveis"
"APPLIED","APLICADO"
"PRICING RULE","REGRA PREÇO"
"PROMO SCHEME","ESQ. PROMO"
"{0}% OFF","{0}% DESC"
"{0} OFF","{0} DESC"
"Special Offer","Oferta Especial"
"+ Free Item","+ Artigo Grátis"
"Min Purchase","Compra Mín"
"Min Quantity","Qtd Mínima"
"Subtotal (before tax)","Subtotal (antes imposto)"
"Add {0} more to unlock","Adicione mais {0} para desbloquear"
"Remove Offer","Remover Oferta"
"Apply Offer","Aplicar Oferta"
"Create Return Invoice","Criar Factura de Devolução"
"Select Invoice to Return","Selecionar Factura para Devolução"
"Search by invoice number or customer name...","Pesquisar por nº factura ou nome..."
"Search by invoice number or customer...","Pesquisar por nº factura ou cliente..."
"Process Return","Processar Devolução"
"Select Items to Return","Selecionar Artigos para Devolução"
"⚠️ {0} already returned","⚠️ {0} já devolvido"
"Return Qty:","Qtd Devolução:"
"of {0}","de {0}"
"No items available for return","Sem Artigos para devolução"
"Refund Payment Methods","Métodos de Reembolso"
"+ Add Payment","+ Adicionar Pagamento"
"Select method...","Selecionar método..."
"Select payment method...","Selecionar método de pagam..."
"Total Refund:","Reembolso Total:"
"Payment Total:","Total Pagamento:"
"⚠️ Payment total must equal refund amount","⚠️ Total pagam. deve igualar reembolso"
"Return Summary","Resumo da Devolução"
"Items to Return:","Artigos a Devolver:"
"Refund Amount:","Valor do Reembolso:"
"Enter reason for return (e.g., defective product, wrong item, customer request)...","Insira o motivo (ex: defeito, engano)..."
"{0} item(s) selected","{0} artigo(s) selecionado(s)"
"Create Return","Criar Devolução"
"OK","OK"
"Invoice must be submitted to create a return","A factura deve estar submetida para criar devolução"
"Cannot create return against a return invoice","Não pode criar devolução de uma devolução"
"All items from this invoice have already been returned","Todos os Artigos desta factura já foram devolvidos"
"Return against {0}","Devolução contra {0}"
"Failed to create return invoice","Falha ao criar factura de devolução"
"Failed to load recent invoices","Falha ao carregar facturas recentes"
"{0}: maximum {1}","{0}: máximo {1}"
"Adjust return quantities before submitting.\n\n{0}","Ajuste as quantidades antes de submeter.\n\n{0}"
"{0} Pending Invoice(s)","{0} Factura(s) Pendente(s)"
"These invoices will be submitted when you're back online","Estas facturas serão submetidas quando estiver online"
"Sync All","Sincronizar Tudo"
"No pending offline invoices","Sem facturas offline pendentes"
"Walk-in Customer","Cliente Não Registado"
"{0} failed","{0} falhou"
"Payments:","Pagamentos:"
"Edit Invoice","Editar Factura"
"Are you sure you want to delete this offline invoice?","Tem a certeza que quer apagar esta factura offline?"
"This action cannot be undone.","Esta acção não pode ser desfeita."
"Just now","Agora mesmo"
"{0} minutes ago","há {0} minutos"
"{0} hours ago","há {0} horas"
"POS Settings","Definições POS"
"Save Changes","Guardar Alterações"
"Loading settings...","A carregar definições..."
"Stock Management","Gestão de Stock"
"Configure warehouse and inventory settings","Configurar armazém e inventário"
"Stock Controls","Controlos de Stock"
"Warehouse Selection","Seleção de Armazém"
"Loading warehouses...","A carregar armazéns..."
"Active Warehouse","Armazém Activo"
"All stock operations will use this warehouse. Stock quantities will refresh after saving.","Todas as operações usarão este armazém. Quantidades actualizadas após guardar."
"Stock Validation Policy","Política de Validação de Stock"
"Allow Negative Stock","Permitir Stock Negativo"
"Enable selling items even when stock reaches zero or below. Integrates with ERPNext stock settings.","Permite venda mesmo com stock zero ou abaixo. Integra com ERPNext."
"Background Stock Sync","Sincronização de Stock em Segundo Plano"
"Enable Automatic Stock Sync","Activar Sincronização Automática"
"Periodically sync stock quantities from server in the background (runs in Web Worker)","Sincroniza periodicamente quantidades do servidor em segundo plano"
"Sync Interval (seconds)","Intervalo de Sincronização (segundos)"
"How often to check server for stock updates (minimum 10 seconds)","Frequência de verificação (mínimo 10 segundos)"
"Warehouse not set","Armazém não definido"
"Network Usage:","Uso de Rede:"
"~15 KB per sync cycle","~15 KB por ciclo"
"~{0} MB per hour","~{0} MB por hora"
"Sales Management","Gestão de Vendas"
"Configure pricing, discounts, and sales operations","Configurar preços, descontos e operações"
"Sales Controls","Controlos de Vendas"
"Pricing & Discounts","Preços e Descontos"
"Tax Inclusive","Inclui Imposto"
"When enabled, displayed prices include tax. When disabled, tax is calculated separately. Changes apply immediately to your cart when you save.","Se activo, preços incluem imposto. Senão, calculado à parte. Aplica-se ao guardar."
"Max Discount (%)","Desconto Máx (%)"
"Maximum discount per Artigo","Desconto máximo por Artigo"
"Use Percentage Discount","Usar Desconto Percentual"
"Show discounts as percentages","Mostrar descontos como percentagens"
"Allow Additional Discount","Permitir Desconto Adicional"
"Enable invoice-level discount","Activar desconto na factura"
"Allow Item Discount","Permitir Desconto no Artigo"
"Enable item-level discount in edit dialog","Activar desconto de Artigo na edição"
"Disable Rounded Total","Desactivar Arredondamento"
"Show exact totals without rounding","Mostrar totais exactos sem arredondamento"
"Sales Operations","Operações de Vendas"
"Allow Credit Sale","Permitir Venda a Crédito"
"Enable sales on credit","Activar vendas a crédito"
"Allow Return","Permitir Devolução"
"Enable product returns","Activar devoluções de produtos"
"Allow Write Off Change","Permitir Ajuste de Troco"
"Write off small change amounts","Ajustar pequenas diferenças de troco"
"Allow Partial Payment","Permitir Pagamento Parcial"
"Enable partial payment for invoices","Activar pagamento parcial"
"Print without confirmation","Imprimir sem confirmação"
"No POS Profile Selected","Nenhum Perfil POS Selecionado"
"Please select a POS Profile to configure settings","Selecione um Perfil POS para configurar"
"Failed to load settings","Falha ao carregar definições"
"POS Profile not found","Perfil POS não encontrado"
"Settings saved successfully","Definições guardadas com sucesso"
"Settings saved, warehouse updated, and tax mode changed. Cart will be recalculated.","Definições guardadas, armazém e impostos actualizados. Carrinho será recalculado."
"Settings saved and warehouse updated. Reloading stock...","Definições guardadas e armazém actualizado. A recarregar stock..."
"Failed to save settings","Falha ao guardar definições"
"{0}s ago","há {0}s"
"{0}m ago","há {0}m"
"Sign in to POS MZ","Entrar no POS MZ"
"Login Failed","Entrada Falhou"
"Enter your username or email","Insira utilizador ou email"
"User ID / Email","ID de Utilizador / Email"
"Enter your password","Insira a sua palavra-passe"
"Hide password","Ocultar palavra-passe"
"Show password","Mostrar palavra-passe"
"Signing in...","A entrar..."
"Clear all items","Limpar todos os Artigos"
"View all available offers","Ver todas as ofertas"
"Apply coupon code","Aplicar código de cupão"
"Create New Coupon","Criar Novo Cupão"
"No coupons found","Sem cupões encontrados"
"Gift","Presente"
"Used: {0}/{1}","Usado: {0}/{1}"
"Used: {0}","Usado: {0}"
"Select a Coupon","Selecione um Cupão"
"Choose a coupon from the list to view and edit, or create a new one to get started","Escolha um cupão ou crie um novo"
"You don't have permission to create coupons","Não tem permissão para criar cupões"
"Coupon Details","Detalhes do Cupão"
"Fill in the details to create a new coupon","Preencha os detalhes para criar um cupão"
"View and update coupon information","Ver e actualizar informação do cupão"
"Create","Criar"
"Coupon Name","Nome do Cupão"
"e.g., Summer Sale Coupon 2025","ex: Cupão de Verão 2025"
"Coupon Type","Tipo de Cupão"
"Promotional","Promocional"
"Gift Card","Cartão Presente"
"Auto-generated if empty","Gerado automaticamente se vazio"
"Generate","Gerar"
"Customer ID or Name","ID ou Nome do Cliente"
"Company","Empresa"
"Discount Configuration","Configuração de Desconto"
"Apply Discount On","Aplicar Desconto Em"
"Net Total","Total Líquido"
"e.g., 20","ex: 20"
"Amount in {0}","Valor em {0}"
"Minimum Cart Amount","Valor Mínimo do Carrinho"
"Optional minimum in {0}","Mínimo opcional em {0}"
"Maximum Discount Amount","Valor Máximo de Desconto"
"Optional cap in {0}","Limite opcional em {0}"
"Current Discount:","Desconto Actual:"
"{0}% off {1}","{0}% desc em {1}"
"{0} off {1}","{0} desc em {1}"
"(Min: {0})","(Mín: {0})"
"(Max Discount: {0})","(Desc Máx: {0})"
"Validity & Usage","Validade e Utilização"
"Unlimited","Ilimitado"
"Only One Use Per Customer","Apenas Uma Vez Por Cliente"
"Coupon Status & Info","Estado e Info do Cupão"
"Current Status","Estado Actual"
"Created On","Criado Em"
"Last Modified","Última Alteração"
"Delete Coupon","Eliminar Cupão"
"-- No Campaign --","-- Sem Campanha --"
"Failed to load coupons","Falha ao carregar cupões"
"Failed to load coupon details","Falha ao carregar detalhes do cupão"
"Coupon created successfully","Cupão criado com sucesso"
"Failed to create coupon","Falha ao criar cupão"
"Coupon updated successfully","Cupão actualizado com sucesso"
"Failed to update coupon","Falha ao actualizar cupão"
"Coupon status updated successfully","Estado do cupão actualizado com sucesso"
"Failed to toggle coupon status","Falha ao alternar estado do cupão"
"Coupon deleted successfully","Cupão eliminado com sucesso"
"Failed to delete coupon","Falha ao eliminar cupão"
"Please enter a coupon name","Insira um nome de cupão"
"Please select a discount type","Selecione um tipo de desconto"
"Please enter a valid discount percentage (1-100)","Insira percentagem válida (1-100)"
"Please enter a valid discount amount","Insira um valor de desconto válido"
"Please select a customer for gift card","Selecione um cliente para cartão presente"
"Cannot delete coupon as it has been used {0} times","Não pode apagar cupão já usado {0} vezes"
"Add to Cart","Adicionar"
"Warehouse","Armazém"
"Search products...","Pesquisar produtos..."
"Item Code","Cód. Artigo"
"Brand","Marca"
"Transaction","Transacção"
"Pricing Rules","Regras de Preço"
"Promo Schemes","Esq. Promo"
"Return Reason","Motivo Devolução"
"Settings saved. Tax mode is now ""inclusive"". Cart will be recalculated.","Definições guardadas. Modo de imposto ""inclusivo"". Carrinho recalculado."
"Settings saved. Tax mode is now ""exclusive"". Cart will be recalculated.","Definições guardadas. Modo de imposto ""exclusivo"". Carrinho recalculado."
"This will clear all cached items, customers, and stock data. Invoices and drafts will be preserved.","Isto limpará cache de Artigos, clientes e stock. Facturas e rascunhos serão mantidos."
"Clear All Data","Limpar Tudo"
"Clearing...","A limpar..."
"Confirm Clear Cache","Confirmar Limpeza de Cache"
"Manage Invoices","Gerir Facturas"
"Outstanding","Em Dívida"
"No Outstanding","Nada em Dívida"
"Pay Outstanding","Pagar em Dívida"
"View Outstanding","Ver Dívida"
"Search invoices...","Pesquisar facturas..."
"Invoice Management","Gestão de Facturas"
"All Invoices","Todas as Facturas"
"Draft","Rascunho"
"Return","Devolução"
"Load More","Carregar Mais"
"No more invoices","Não há mais facturas"
"Failed to load invoices","Falha ao carregar facturas"
"Apply Filter","Aplicar Filtro"
"Reset Filter","Repor Filtro"
"Filter by Status","Filtrar por Estado"
"Filter by Date","Filtrar por Data"
"Show All","Mostrar Tudo"
"Shift Details","Detalhes do Turno"
"Shift ID","ID do Turno"
"Cashier","Caixa"
"Current Time","Hora Actual"
"Cash Sales","Vendas a Dinheiro"
"Card Sales","Vendas Cartão"
"Other Sales","Outras Vendas"
"Total Transactions","Total Transacções"
"Average Transaction","Transacção Média"
"Shift Summary","Resumo do Turno"
"View Full Report","Ver Relatório Completo"
"Print Report","Imprimir Relatório"
"Export Data","Exportar Dados"
"Quick Actions","Acções Rápidas"
"New Sale","Nova Venda"
"Returns","Devoluções"
"Recent Activity","Actividade Recente"
"No recent activity","Sem actividade recente"
"Show All Activity","Mostrar Toda Actividade"
"Keyboard Shortcuts","Atalhos de Teclado"
"Press F1 for help","Pressione F1 para ajuda"
"Press Enter to search","Pressione Enter para pesquisar"
"Press Esc to close","Pressione Esc para fechar"
"Scanning...","A digitalizar..."
"Scan Complete","Digitalização Completa"
"Scan Failed","Digitalização Falhou"
"Invalid Barcode","Código de Barras Inválido"
"Item Scanned","Artigo Digitalizado"
"Multiple Results","Vários Resultados"
"Select Item","Selecionar Artigo"
"Enter Quantity","Inserir Quantidade"
"Set Price","Definir Preço"
"Custom Price","Preço Personalizado"
"Original Price","Preço Original"
"New Price","Novo Preço"
"Price Changed","Preço Alterado"
"Discount Applied","Desconto Aplicado"
"Offer Applied","Oferta Aplicada"
"Coupon Applied","Cupão Aplicado"
"Free Items Added","Artigos Grátis Adicionados"
"Bundle Items","Artigos do Pacote"
"View Bundle","Ver Pacote"
"Expand Bundle","Expandir Pacote"
"Collapse Bundle","Recolher Pacote"
"Stock Warning","Aviso de Stock"
"Low Stock Warning","Aviso de Stock Baixo"
"Only {0} left in stock","Apenas {0} em stock"
"Continue Anyway","Continuar Mesmo Assim"
"Check Other Warehouses","Ver Outros Armazéns"
"Transfer Stock","Transferir Stock"
"Reserve Stock","Reservar Stock"
"Stock Reserved","Stock Reservado"
"Reservation Expired","Reserva Expirada"
"Extend Reservation","Estender Reserva"
"Release Reservation","Libertar Reserva"
"Customer Account","Conta de Cliente"
"Credit Limit","Limite de Crédito"
"Credit Used","Crédito Usado"
"Credit Exceeded","Crédito Excedido"
"Requires Approval","Requer Aprovação"
"Request Approval","Pedir Aprovação"
"Approval Pending","Aprovação Pendente"
"Loyalty Points","Pontos de Fidelidade"
"Points Balance","Saldo de Pontos"
"Redeem Points","Resgatar Pontos"
"Points to Redeem","Pontos a Resgatar"
"Points Value","Valor dos Pontos"
"Points Earned","Pontos Ganhos"
"Points Redeemed","Pontos Resgatados"
"Split Payment","Pagamento Dividido"
"Add Split","Adicionar Divisão"
"Remove Split","Remover Divisão"
"Split Amount","Valor da Divisão"
"Remaining to Pay","Restante a Pagar"
"Payment Complete","Pagamento Completo"
"Print Options","Opções de Impressão"
"Print Preview","Pré-visualizar Impressão"
"Printer Settings","Definições da Impressora"
"Select Printer","Selecionar Impressora"
"Default Printer","Impressora Padrão"
"Paper Size","Tamanho do Papel"
"Print Copies","Cópias"
"Include Logo","Incluir Logótipo"
"Include QR Code","Incluir Código QR"
"Include Barcode","Incluir Código de Barras"
"Compact Mode","Modo Compacto"
"Full Mode","Modo Completo"
"Email Receipt","Enviar Recibo por Email"
"SMS Receipt","Enviar Recibo por SMS"
"WhatsApp Receipt","Recibo WhatsApp"
"Receipt Sent","Recibo Enviado"
"Failed to Send","Falha ao Enviar"
"Retry","Tentar Novamente"
"Skip","Ignorar"
"Done","Concluído"
"Finish","Terminar"
"Complete Sale","Concluir Venda"
"New Transaction","Nova Transacção"
"Continue Shopping","Continuar a Comprar"
"Start New Sale","Iniciar Nova Venda"
"View Receipt","Ver Recibo"
"Download Receipt","Descarregar Recibo"
"Share Receipt","Partilhar Recibo"
"Copy Link","Copiar Link"
"Link Copied","Link Copiado"
"Invoice loaded to cart for editing","Factura carregada no carrinho para edição"
"Campaign","Campanha"
"Referral Code","Código de Referência"
"Times Used","Vezes Usado"
"Maximum Use","Uso Máximo"
"Return Reason <span class=""text-gray-400"">(optional)</span>","Motivo <span class=""text-gray-400"">(opcional)</span>"
"<strong>Note:<strong> When enabled, the system will allow sales even when stock quantity is zero or negative. This is useful for handling stock sync delays or backorders. All transactions are tracked in the stock ledger.","<strong>Nota:<strong> Se activo, permite vendas com stock zero ou negativo. Útil para atrasos de sinc. ou encomendas. Tudo é registado no razão de stock."
"<strong>Status:<strong> Running","<strong>Estado:<strong> Em execução"
"<strong>Status:<strong> Stopped","<strong>Estado:<strong> Parado"
"<strong>Items Tracked:<strong> {0}","<strong>Artigos Rastreados:<strong> {0}"
"<strong>Warehouse:<strong> {0}","<strong>Armazém:<strong> {0}"
"<strong>Last Sync:<strong> {0}","<strong>Última Sinc:<strong> {0}"
"<strong>Last Sync:<strong> Never","<strong>Última Sinc:<strong> Nunca"
"Cart subtotal BEFORE tax - used for discount calculations","Subtotal ANTES de imposto - usado para descontos"
"Draft invoice deleted","Factura em rascunho eliminada"
"Failed to delete draft invoice","Falha ao eliminar rascunho"
"Search sales person...","Pesquisar vendedor..."
"Item Group","Grupo de Artigos"
"Mobile","Telemóvel"
"Clear Cache?","Limpar Cache?"
"Clearing Cache...","A Limpar Cache..."
"Please wait while we clear your cached data","Aguarde enquanto limpamos os dados em cache"
"<strong>Company:<strong>","<strong>Empresa:<strong>"
"<strong>Opened:<strong>","<strong>Aberto:<strong>"
"<strong>POS Profile:<strong> {0}","<strong>Perfil POS:<strong> {0}"
"Exception: {0}","Excepção: {0}"
"Invoice ID: {0}","ID Factura: {0}"
"No pending invoices to sync","Sem facturas pendentes para sincronizar"
"Promotion saved successfully","Promoção guardada com sucesso"
"Sign in","Entrar"
"Sign out","Sair"
"Signing out...","A sair..."
"Status: {0}","Estado: {0}"
"Switched to {0}. Stock quantities refreshed.","Mudou para {0}. Stock actualizado."
"Warehouse updated but failed to reload stock. Please refresh manually.","Armazém actualizado mas falha ao recarregar stock. Actualize manualmente."
"Welcome to POS MZ!","Bem-vindo ao POS MZ!"
"Your cart doesn","O seu carrinho não"
"{0} invoice(s) failed to sync","{0} factura(s) falharam a sincronização"
"Manage all your invoices in one place","Gerir todas as suas facturas num só lugar"
"All ({0})","Todos ({0})"
"Promotions","Promoções"
"Search serial numbers...","Pesquisar números de série..."
"Loading serial numbers...","A carregar números de série..."
"No serial numbers available","Sem números de série disponíveis"
"No serial numbers match your search","Nenhum número de série corresponde"
"Serial Numbers","Números de Série"
"Cannot remove last serial","Não pode remover último serial"
"Remove serial","Remover serial"
"Serial No:","Nº Série:"
"Click to edit serials","Clique para editar séries"
"Edit serials","Editar séries"
"serials","séries"
"Stock Lookup","Consulta de Stock"
"Search for Artigo availability across all warehouses","Verifique disponibilidade em todos os armazéns"
"Search for Artigos across warehouses","Pesquise Artigos nos armazéns"
"Type to search items...","Digite para pesquisar..."
"Search by item name, code, or scan barcode","Pesquise por nome, código ou digitalize"
"No items found for ""{0}""","Nenhum Artigo encontrado para ""{0}"""
"Try a different search term","Tente outro termo"
"Search Again","Pesquisar Novamente"
"Search for an item","Pesquisar Artigo"
"Start typing to see suggestions","Comece a escrever para ver sugestões"
"Navigate","Navegar"
"Enter","Entrar"
"Esc","Esc"
"Total Available","Total Disponível"
"in 1 warehouse","em 1 armazém"
"in {0} warehouses","em {0} armazéns"
"{0} reserved","{0} reservado"
"Actual Stock","Stock Real"
"Failed to load warehouse availability","Falha ao carregar disponibilidade"
"Clear search","Limpar pesquisa"
"Click to view availability in other warehouses","Clique para ver noutros armazéns"